semantic_pair,semantic_pair_slug,category,seed,difference_definition,hypervolume_ca,hypervolume_mca,hypervolume_difference,n_non_dominated_ca,n_non_dominated_mca,n_non_dominated_difference,spacing_ca,spacing_mca,spacing_difference,population_average_worst_similarity_ca,population_average_worst_similarity_mca,population_average_worst_similarity_difference,best_max_min_similarity_ca,best_max_min_similarity_mca,best_max_min_similarity_difference,objective_space_extent_ca,objective_space_extent_mca,objective_space_extent_difference,similarity_extent_objective_1_ca,similarity_extent_objective_1_mca,similarity_extent_objective_1_difference,similarity_extent_objective_2_ca,similarity_extent_objective_2_mca,similarity_extent_objective_2_difference
Butterfly--Caterpillar,butterfly_caterpillar,Metamorphic relations,11,moead_mca_minus_moead_ca,0.12234716252184352,0.12170512989523896,-0.0006420326266045606,22,15,-7,0.004081978963014553,0.0015309059881656035,-0.002551072974848949,0.29276396135489147,0.3170880844195684,0.024324123064676906,0.3232680857181549,0.33682557940483093,0.013557493686676025,0.17938518524169922,0.06610041856765747,-0.11328476667404175,0.09394216537475586,0.04697376489639282,-0.04696840047836304,0.08544301986694336,0.01912665367126465,-0.06631636619567871
Butterfly--Caterpillar,butterfly_caterpillar,Metamorphic relations,22,moead_mca_minus_moead_ca,0.1253088754239311,0.12520466274089337,-0.0001042126830377299,19,9,-10,0.009676501446213254,0.00017887976302045555,-0.009497621683192799,0.2783123150467873,0.3290698856115341,0.050757570564746834,0.31206637620925903,0.34932631254196167,0.03725993633270264,0.2500607818365097,0.07433545589447021,-0.1757253259420395,0.13175761699676514,0.029908359050750732,-0.1018492579460144,0.11830316483974457,0.04442709684371948,-0.07387606799602509
Butterfly--Caterpillar,butterfly_caterpillar,Metamorphic relations,33,moead_mca_minus_moead_ca,0.12636191740193148,0.11643100185409239,-0.009930915547839092,16,6,-10,0.008709857918589404,0.0008155864640421108,-0.007894271454547293,0.28743351151545843,0.2988939454158147,0.011460433900356282,0.32297760248184204,0.3160211741924286,-0.006956428289413452,0.2070099264383316,0.11245307326316833,-0.09455685317516327,0.11490578949451447,0.05073845386505127,-0.0641673356294632,0.09210413694381714,0.061714619398117065,-0.030389517545700073
Butterfly--Caterpillar,butterfly_caterpillar,Metamorphic relations,44,moead_mca_minus_moead_ca,0.13058772335077862,0.11680218412149124,-0.01378553922928738,15,12,-3,0.004317950918254851,0.003998941587882194,-0.0003190093303726566,0.2935562322537104,0.31687218844890597,0.023315956195195553,0.3243343234062195,0.32973286509513855,0.005398541688919067,0.2295893430709839,0.06529074907302856,-0.16429859399795532,0.11914417147636414,0.031480759382247925,-0.08766341209411621,0.11044517159461975,0.03380998969078064,-0.07663518190383911
Butterfly--Caterpillar,butterfly_caterpillar,Metamorphic relations,55,moead_mca_minus_moead_ca,0.12462332074118532,0.1334595145453772,0.008836193804191872,21,9,-12,0.0029000746504161032,0.0007852296711904999,-0.0021148449792256032,0.2824498330553373,0.32824135621388756,0.045791523158550285,0.3150843381881714,0.3573460876941681,0.042261749505996704,0.2389747053384781,0.12652096152305603,-0.11245374381542206,0.11743739247322083,0.055953770875930786,-0.06148362159729004,0.12153731286525726,0.07056719064712524,-0.05097012221813202
Frog--Tadpole,frog_tadpole,Metamorphic relations,11,moead_mca_minus_moead_ca,0.13458731203026275,0.12171908107590923,-0.012868230954353521,18,9,-9,0.004749395948784568,0.0008328912693743368,-0.0039165046794102315,0.30276652971903484,0.3234315663576126,0.02066503663857777,0.33918094635009766,0.3334066867828369,-0.005774259567260742,0.19810286164283752,0.04830220341682434,-0.14980065822601318,0.08511954545974731,0.02452242374420166,-0.060597121715545654,0.11298331618309021,0.02377977967262268,-0.08920353651046753
Frog--Tadpole,frog_tadpole,Metamorphic relations,22,moead_mca_minus_moead_ca,0.1342556431472266,0.1254484121474997,-0.008807230999726912,17,9,-8,0.003372041042575481,0.0052081388396242245,0.0018360977970487435,0.30633490681648257,0.3135048339764277,0.007169927159945133,0.338766485452652,0.3290020823478699,-0.009764403104782104,0.19841837882995605,0.07331430912017822,-0.12510406970977783,0.08721071481704712,0.038847655057907104,-0.048363059759140015,0.11120766401290894,0.03446665406227112,-0.07674100995063782
Frog--Tadpole,frog_tadpole,Metamorphic relations,33,moead_mca_minus_moead_ca,0.13468267041151094,0.1328502711652737,-0.0018323992462372374,19,15,-4,0.0045450249741286804,0.0008921534098972714,-0.0036528715642314092,0.29756865799427035,0.31237638294696807,0.01480772495269772,0.33447393774986267,0.33474332094192505,0.00026938319206237793,0.19496190547943115,0.11696183681488037,-0.07800006866455078,0.09374397993087769,0.058181822299957275,-0.03556215763092041,0.10121792554855347,0.058780014514923096,-0.04243791103363037
Frog--Tadpole,frog_tadpole,Metamorphic relations,44,moead_mca_minus_moead_ca,0.13392477402679148,0.12325987909470815,-0.010664894932083335,17,13,-4,0.0031144210183587095,0.0011260662134951467,-0.001988354804863563,0.2974185307820638,0.31780691842238107,0.02038838764031725,0.3343735635280609,0.3331526815891266,-0.0012208819389343262,0.2007049024105072,0.0672285258769989,-0.1334763765335083,0.07399678230285645,0.03906634449958801,-0.03493043780326843,0.12670812010765076,0.02816218137741089,-0.09854593873023987
Frog--Tadpole,frog_tadpole,Metamorphic relations,55,moead_mca_minus_moead_ca,0.13531981149458883,0.1272577651927742,-0.008062046301814618,23,9,-14,0.0024996686821837917,0.0027182205965955754,0.0002185519144117837,0.3111897190411886,0.317389773329099,0.006200054287910428,0.3400977849960327,0.3350525200366974,-0.005045264959335327,0.16585621237754822,0.09966453909873962,-0.0661916732788086,0.07578176259994507,0.04833027720451355,-0.02745148539543152,0.09007444977760315,0.051334261894226074,-0.038740187883377075
Fish--Starfish,fish_starfish,Body-topology contrasts,11,moead_mca_minus_moead_ca,0.13930052508496704,0.12696975806568922,-0.012330767019277822,21,15,-6,0.0037999610766196834,0.0034729682678377245,-0.00032699280878195885,0.27859434733788174,0.30314900577068327,0.024554658432801524,0.32760435342788696,0.32117465138435364,-0.006429702043533325,0.30737149715423584,0.14378157258033752,-0.16358992457389832,0.11964604258537292,0.0495150089263916,-0.07013103365898132,0.18772545456886292,0.09426656365394592,-0.09345889091491699
Fish--Starfish,fish_starfish,Body-topology contrasts,22,moead_mca_minus_moead_ca,0.13431024142659975,0.13686129039348405,0.002551048966884295,16,18,2,0.001472226565669048,0.0,-0.001472226565669048,0.25938170750935874,0.3278462012608846,0.06846449375152586,0.31280165910720825,0.34104403853416443,0.028242379426956177,0.29956674575805664,0.0929902195930481,-0.20657652616500854,0.12649855017662048,0.03178641200065613,-0.09471213817596436,0.17306819558143616,0.06120380759239197,-0.11186438798904419
Fish--Starfish,fish_starfish,Body-topology contrasts,33,moead_mca_minus_moead_ca,0.1395038166403273,0.12157965036749108,-0.017924166272836217,14,17,3,0.0025419329704910584,0.0041973622957532045,0.0016554293252621461,0.28770990868409474,0.3023874054352442,0.014677496751149488,0.3324663043022156,0.3198222517967224,-0.012644052505493164,0.2542693018913269,0.13092857599258423,-0.12334072589874268,0.1125868558883667,0.057632893323898315,-0.054953962564468384,0.1416824460029602,0.07329568266868591,-0.06838676333427429
Fish--Starfish,fish_starfish,Body-topology contrasts,44,moead_mca_minus_moead_ca,0.14265681948828934,0.11691319408600265,-0.025743625402286696,23,11,-12,0.005289496404439074,0.003285404270329433,-0.0020040921341096408,0.28063307454188663,0.2966897259155909,0.016056651373704267,0.3414194583892822,0.3174747824668884,-0.0239446759223938,0.3045749366283417,0.13725066184997559,-0.1673242747783661,0.11619105935096741,0.0703049898147583,-0.045886069536209106,0.18838387727737427,0.06694567203521729,-0.12143820524215698
Fish--Starfish,fish_starfish,Body-topology contrasts,55,moead_mca_minus_moead_ca,0.1529494410102421,0.12359758430781653,-0.02935185670242557,19,3,-16,0.01264389725654308,0.01577942177638914,0.003135524519846059,0.29821245471636454,0.31000001430511476,0.011787559588750218,0.3307008743286133,0.3408680558204651,0.010167181491851807,0.29616689682006836,0.1313295066356659,-0.16483739018440247,0.13679957389831543,0.041339486837387085,-0.09546008706092834,0.15936732292175293,0.08999001979827881,-0.06937730312347412
Snake--Bird,snake_bird,Body-topology contrasts,11,moead_mca_minus_moead_ca,0.1160530323449418,0.10691909374125341,-0.009133938603688385,20,8,-12,0.005618354055913546,0.002065875284760621,-0.0035524787711529253,0.2614897981286049,0.3000311503807704,0.038541352252165484,0.30708277225494385,0.3153393268585205,0.00825655460357666,0.24379898607730865,0.079252690076828,-0.16454629600048065,0.12780539691448212,0.03587654232978821,-0.09192885458469391,0.11599358916282654,0.043376147747039795,-0.07261744141578674
Snake--Bird,snake_bird,Body-topology contrasts,22,moead_mca_minus_moead_ca,0.11625628499435114,0.09804963647784692,-0.01820664851650422,19,8,-11,0.01681234523253024,0.0019898421682518577,-0.014822503064278384,0.2651238963007927,0.28917204240957894,0.02404814610878625,0.30448535084724426,0.3075356185436249,0.0030502676963806152,0.2575714439153671,0.06445738673210144,-0.19311405718326569,0.11747856438159943,0.024788975715637207,-0.09268958866596222,0.1400928795337677,0.03966841101646423,-0.10042446851730347
Snake--Bird,snake_bird,Body-topology contrasts,33,moead_mca_minus_moead_ca,0.11752828959841022,0.10149245861504141,-0.016035830983368804,17,14,-3,0.006486896823863736,0.0017591237853553337,-0.004727773038508402,0.26124743819236756,0.2818411201238632,0.020593681931495633,0.3062821626663208,0.2983996868133545,-0.007882475852966309,0.2545531839132309,0.09030976891517639,-0.1642434149980545,0.13596943020820618,0.04200071096420288,-0.0939687192440033,0.11858375370502472,0.04830905795097351,-0.07027469575405121
Snake--Bird,snake_bird,Body-topology contrasts,44,moead_mca_minus_moead_ca,0.12344674987370263,0.09832793472481338,-0.02511881514888925,18,9,-9,0.0046518646668279075,0.004468321135722507,-0.00018354353110540053,0.26148823102315266,0.28097460269927976,0.0194863716761271,0.312770277261734,0.2951837182044983,-0.017586559057235718,0.27736885845661163,0.09618431329727173,-0.1811845451593399,0.14165343344211578,0.051745593547821045,-0.08990783989429474,0.13571542501449585,0.044438719749450684,-0.09127670526504517
Snake--Bird,snake_bird,Body-topology contrasts,55,moead_mca_minus_moead_ca,0.11452319414306356,0.10345591296629664,-0.011067281176766919,21,9,-12,0.004775722145291808,0.002870268228109539,-0.0019054539171822686,0.26229566633701323,0.2902202238639196,0.02792455752690637,0.2953639030456543,0.3004072308540344,0.005043327808380127,0.2518380880355835,0.07326817512512207,-0.17856991291046143,0.12294185161590576,0.04407531023025513,-0.07886654138565063,0.12889623641967773,0.029192864894866943,-0.09970337152481079
Mushroom--Coral,mushroom_coral,Growth-topology contrasts,11,moead_mca_minus_moead_ca,0.16122007135549143,0.1316037174011946,-0.029616353954296848,22,10,-12,0.003504832570602778,0.0019305144134215927,-0.0015743181571811853,0.29771557251612346,0.34481831987698874,0.04710274736086528,0.3484945595264435,0.35379505157470703,0.00530049204826355,0.31399819254875183,0.04357600212097168,-0.27042219042778015,0.13455134630203247,0.020357638597488403,-0.11419370770454407,0.17944684624671936,0.023218363523483276,-0.15622848272323608
Mushroom--Coral,mushroom_coral,Growth-topology contrasts,22,moead_mca_minus_moead_ca,0.15913562788766278,0.14156953030093433,-0.017566097586728446,22,12,-10,0.004143536733916786,0.003574641065865112,-0.0005688956680516737,0.30623634258906046,0.34446806212266284,0.03823171953360238,0.35643428564071655,0.34940969944000244,-0.007024586200714111,0.3168436884880066,0.07615736126899719,-0.2406863272190094,0.14001598954200745,0.023049890995025635,-0.11696609854698181,0.17682769894599915,0.05310747027397156,-0.12372022867202759
Mushroom--Coral,mushroom_coral,Growth-topology contrasts,33,moead_mca_minus_moead_ca,0.1651935689776849,0.14786315134201544,-0.01733041763566945,27,15,-12,0.002902814198279643,0.0032108338904755056,0.0003080196921958628,0.30162714223066966,0.3330500483512878,0.031422906120618155,0.3619050979614258,0.35627681016921997,-0.0056282877922058105,0.33365437388420105,0.09765288233757019,-0.23600149154663086,0.1495230793952942,0.06560245156288147,-0.08392062783241272,0.18413129448890686,0.03205043077468872,-0.15208086371421814
Mushroom--Coral,mushroom_coral,Growth-topology contrasts,44,moead_mca_minus_moead_ca,0.15685047705947675,0.1447541787601896,-0.012096298299287156,19,14,-5,0.005174775377217373,0.0028408574665454507,-0.0023339179106719224,0.3127337614695231,0.34476134479045867,0.03202758332093558,0.3612781763076782,0.36161574721336365,0.0003375709056854248,0.2753886282444,0.0771510899066925,-0.19823753833770752,0.14039745926856995,0.038022369146347046,-0.1023750901222229,0.13499116897583008,0.03912872076034546,-0.09586244821548462
Mushroom--Coral,mushroom_coral,Growth-topology contrasts,55,moead_mca_minus_moead_ca,0.1627368601921848,0.15088029423682858,-0.011856565955356224,27,20,-7,0.0034106350846502148,0.003400074856095807,-1.0560228554407775e-05,0.30504582623640697,0.34528880616029106,0.04024297992388409,0.3610725402832031,0.3650512099266052,0.0039786696434021,0.3127487897872925,0.15353792905807495,-0.15921086072921753,0.12887561321258545,0.08129090070724487,-0.047584712505340576,0.18387317657470703,0.07224702835083008,-0.11162614822387695
Cactus--Maple,cactus_maple,Growth-topology contrasts,11,moead_mca_minus_moead_ca,0.1294140262311223,0.10875746373631578,-0.02065656249480652,23,17,-6,0.003093602545175899,0.0012090091756900656,-0.0018845933694858336,0.25934781283140185,0.30390366514523826,0.04455585231383641,0.3138132691383362,0.3160563111305237,0.0022430419921875,0.3359963893890381,0.07717210054397583,-0.25882428884506226,0.18388690054416656,0.04464811086654663,-0.13923878967761993,0.15210948884487152,0.0325239896774292,-0.11958549916744232
Cactus--Maple,cactus_maple,Growth-topology contrasts,22,moead_mca_minus_moead_ca,0.124490857546808,0.10948359698017551,-0.015007260566632485,23,18,-5,0.003416832239705956,0.0006586177341988752,-0.002758214505507081,0.26206525911887485,0.3133330881595612,0.05126782904068633,0.32112422585487366,0.32180142402648926,0.0006771981716156006,0.33275824785232544,0.05853572487831116,-0.2742225229740143,0.16084425151348114,0.023332715034484863,-0.13751153647899628,0.1719139963388443,0.035203009843826294,-0.136710986495018
Cactus--Maple,cactus_maple,Growth-topology contrasts,33,moead_mca_minus_moead_ca,0.1242650900451272,0.10474063381684573,-0.019524456228281473,18,11,-7,0.006641969348007672,0.0027302645596505703,-0.003911704788357102,0.25122987826665244,0.3034770260254542,0.05224714775880174,0.30062076449394226,0.31528016924858093,0.014659404754638672,0.3328540027141571,0.07064920663833618,-0.2622047960758209,0.19404791295528412,0.026047974824905396,-0.16799993813037872,0.13880608975887299,0.044601231813430786,-0.0942048579454422
Cactus--Maple,cactus_maple,Growth-topology contrasts,44,moead_mca_minus_moead_ca,0.12787776830092223,0.10501146816194762,-0.022866300138974616,20,6,-14,0.005391026337686196,0.003816377386159976,-0.00157464895152622,0.2505670577287674,0.30201176007588704,0.05144470234711962,0.30091822147369385,0.3119297921657562,0.011011570692062378,0.3392412066459656,0.049529701471328735,-0.28971150517463684,0.1775418519973755,0.025632023811340332,-0.15190982818603516,0.1616993546485901,0.023897677659988403,-0.13780167698860168
Cactus--Maple,cactus_maple,Growth-topology contrasts,55,moead_mca_minus_moead_ca,0.1299606406922562,0.10431828801887022,-0.025642352673385993,22,14,-8,0.005777052604625201,0.0,-0.005777052604625201,0.25138363391160967,0.29534758925437926,0.04396395534276959,0.30956774950027466,0.3091823160648346,-0.0003854334354400635,0.3518577367067337,0.0733722448348999,-0.2784854918718338,0.184835284948349,0.040681689977645874,-0.14415359497070312,0.1670224517583847,0.03269055485725403,-0.13433189690113068
